,accuracy,f1_score
XGBoost,0.8035190615835777,0.8021624184082585
